node_id	title	genres
943	Toy Story (1995)	animation;children's;comedy
944	GoldenEye (1995)	action;adventure;thriller
945	Four Rooms (1995)	thriller
946	Get Shorty (1995)	action;comedy;drama
947	Copycat (1995)	crime;drama;thriller
948	Shanghai Triad (Yao a yao yao dao waipo qiao) (1995)	drama
949	Twelve Monkeys (1995)	drama;sci-fi
950	Babe (1995)	children's;comedy;drama
951	Dead Man Walking (1995)	drama
952	Richard III (1995)	drama;war
953	Seven (Se7en) (1995)	crime;thriller
954	Usual Suspects, The (1995)	crime;thriller
955	Mighty Aphrodite (1995)	comedy
956	Postino, Il (1994)	drama;romance
957	Mr. Holland's Opus (1995)	drama
958	French Twist (Gazon maudit) (1995)	comedy;romance
959	From Dusk Till Dawn (1996)	action;comedy;crime;horror;thriller
960	White Balloon, The (1995)	drama
961	Antonia's Line (1995)	drama
962	Angels and Insects (1995)	drama;romance
963	Muppet Treasure Island (1996)	action;adventure;comedy;musical;thriller
964	Braveheart (1995)	action;drama;war
965	Taxi Driver (1976)	drama;thriller
966	Rumble in the Bronx (1995)	action;adventure;crime
967	Birdcage, The (1996)	comedy
968	Brothers McMullen, The (1995)	comedy
969	Bad Boys (1995)	action
970	Apollo 13 (1995)	action;drama;thriller
971	Batman Forever (1995)	action;adventure;comedy;crime
972	Belle de jour (1967)	drama
973	Crimson Tide (1995)	drama;thriller;war
974	Crumb (1994)	documentary
975	Desperado (1995)	action;romance;thriller
976	Doom Generation, The (1995)	comedy;drama
977	Free Willy 2: The Adventure Home (1995)	adventure;children's;drama
978	Mad Love (1995)	drama;romance
979	Nadja (1994)	drama
980	Net, The (1995)	sci-fi;thriller
981	Strange Days (1995)	action;crime;sci-fi
982	To Wong Foo, Thanks for Everything! Julie Newmar (1995)	comedy
983	Billy Madison (1995)	comedy
984	Clerks (1994)	comedy
985	Disclosure (1994)	drama;thriller
986	Dolores Claiborne (1994)	drama;thriller
987	Eat Drink Man Woman (1994)	comedy;drama
988	Exotica (1994)	drama
989	Ed Wood (1994)	comedy;drama
990	Hoop Dreams (1994)	documentary
991	I.Q. (1994)	comedy;romance
992	Star Wars (1977)	action;adventure;romance;sci-fi;war
993	Legends of the Fall (1994)	drama;romance;war;western
994	Madness of King George, The (1994)	drama
995	Natural Born Killers (1994)	action;thriller
996	Outbreak (1995)	action;drama;thriller
997	Professional, The (1994)	crime;drama;romance;thriller
998	Pulp Fiction (1994)	crime;drama
999	Priest (1994)	drama
1000	Quiz Show (1994)	drama
1001	Three Colors: Red (1994)	drama
1002	Three Colors: Blue (1993)	drama
1003	Three Colors: White (1994)	drama
1004	Stargate (1994)	action;adventure;sci-fi
1005	Santa Clause, The (1994)	children's;comedy
1006	Shawshank Redemption, The (1994)	drama
1007	What's Eating Gilbert Grape (1993)	comedy;drama
1008	While You Were Sleeping (1995)	comedy;romance
1009	Ace Ventura: Pet Detective (1994)	comedy
1010	Crow, The (1994)	action;romance;thriller
1011	Forrest Gump (1994)	comedy;romance;war
1012	Four Weddings and a Funeral (1994)	comedy;romance
1013	Lion King, The (1994)	animation;children's;musical
1014	Mask, The (1994)	comedy;crime;fantasy
1015	Maverick (1994)	action;comedy;western
1016	Faster Pussycat! Kill! Kill! (1965)	action;comedy;drama
1017	Brother Minister: The Assassination of Malcolm X (1994)	documentary
1018	Carlito's Way (1993)	crime;drama
1019	Firm, The (1993)	drama;thriller
1020	Free Willy (1993)	adventure;children's;drama
1021	Fugitive, The (1993)	action;thriller
1022	Hot Shots! Part Deux (1993)	action;comedy;war
1023	Hudsucker Proxy, The (1994)	comedy;romance
1024	Jurassic Park (1993)	action;adventure;sci-fi
1025	Much Ado About Nothing (1993)	comedy;romance
1026	Robert A. Heinlein's The Puppet Masters (1994)	horror;sci-fi
1027	Ref, The (1994)	comedy
1028	Remains of the Day, The (1993)	drama
1029	Searching for Bobby Fischer (1993)	drama
1030	Sleepless in Seattle (1993)	comedy;romance
1031	Blade Runner (1982)	film-noir;sci-fi
1032	So I Married an Axe Murderer (1993)	comedy;romance;thriller
1033	Nightmare Before Christmas, The (1993)	children's;comedy;musical
1034	True Romance (1993)	action;crime;romance
1035	Welcome to the Dollhouse (1995)	comedy;drama
1036	Home Alone (1990)	children's;comedy
1037	Aladdin (1992)	animation;children's;comedy;musical
1038	Terminator 2: Judgment Day (1991)	action;sci-fi;thriller
1039	Dances with Wolves (1990)	adventure;drama;western
1040	Silence of the Lambs, The (1991)	drama;thriller
1041	Snow White and the Seven Dwarfs (1937)	animation;children's;musical
1042	Fargo (1996)	crime;drama;thriller
1043	Heavy Metal (1981)	action;adventure;animation;horror;sci-fi
1044	Aristocats, The (1970)	animation;children's
1045	All Dogs Go to Heaven 2 (1996)	animation;children's;musical
1046	Theodore Rex (1995)	comedy
1047	Sgt. Bilko (1996)	comedy
1048	Diabolique (1996)	drama;thriller
1049	Moll Flanders (1996)	drama
1050	Kids in the Hall: Brain Candy (1996)	comedy
1051	Mystery Science Theater 3000: The Movie (1996)	comedy;sci-fi
1052	Operation Dumbo Drop (1995)	action;adventure;comedy;war
1053	Truth About Cats & Dogs, The (1996)	comedy;romance
1054	Flipper (1996)	adventure;children's
1055	Horseman on the Roof, The (Hussard sur le toit, Le) (1995)	drama
1056	Wallace & Gromit: The Best of Aardman Animation (1996)	animation
1057	Haunted World of Edward D. Wood Jr., The (1995)	documentary
1058	Cold Comfort Farm (1995)	comedy
1059	Rock, The (1996)	action;adventure;thriller
1060	Twister (1996)	action;adventure;thriller
1061	Maya Lin: A Strong Clear Vision (1994)	documentary
1062	Striptease (1996)	comedy;crime
1063	Independence Day (ID4) (1996)	action;sci-fi;war
1064	Cable Guy, The (1996)	comedy
1065	Frighteners, The (1996)	comedy;horror
1066	Lone Star (1996)	drama;mystery
1067	Phenomenon (1996)	drama;romance
1068	Spitfire Grill, The (1996)	drama
1069	Godfather, The (1972)	action;crime;drama
1070	Supercop (1992)	action;thriller
1071	Bound (1996)	crime;drama;romance;thriller
1072	Kansas City (1996)	crime
1073	Breakfast at Tiffany's (1961)	drama;romance
1074	Wizard of Oz, The (1939)	adventure;children's;drama;musical
1075	Gone with the Wind (1939)	drama;romance;war
1076	Citizen Kane (1941)	drama
1077	2001: A Space Odyssey (1968)	drama;mystery;sci-fi;thriller
1078	Mr. Smith Goes to Washington (1939)	drama
1079	Big Night (1996)	drama
1080	D3: The Mighty Ducks (1996)	children's;comedy
1081	Love Bug, The (1969)	children's;comedy
1082	Homeward Bound: The Incredible Journey (1993)	adventure;children's
1083	20,000 Leagues Under the Sea (1954)	adventure;children's;fantasy;sci-fi
1084	Bedknobs and Broomsticks (1971)	adventure;children's;musical
1085	Sound of Music, The (1965)	musical
1086	Die Hard (1988)	action;thriller
1087	Lawnmower Man, The (1992)	action;sci-fi;thriller
1088	Unhook the Stars (1996)	drama
1089	Long Kiss Goodnight, The (1996)	action;thriller
1090	Ghost and the Darkness, The (1996)	action;adventure
1091	Jude (1996)	drama
1092	Swingers (1996)	comedy;drama
1093	Willy Wonka and the Chocolate Factory (1971)	adventure;children's;comedy
1094	Sleeper (1973)	comedy;sci-fi
1095	Fish Called Wanda, A (1988)	comedy
1096	Monty Python's Life of Brian (1979)	comedy
1097	Dirty Dancing (1987)	musical;romance
1098	Reservoir Dogs (1992)	crime;thriller
1099	Platoon (1986)	drama;war
1100	Weekend at Bernie's (1989)	comedy
1101	Basic Instinct (1992)	mystery;thriller
1102	Glengarry Glen Ross (1992)	drama
1103	Top Gun (1986)	action;romance
1104	On Golden Pond (1981)	drama
1105	Return of the Pink Panther, The (1974)	comedy
1106	Abyss, The (1989)	action;adventure;sci-fi;thriller
1107	Jean de Florette (1986)	drama
1108	Manon of the Spring (Manon des sources) (1986)	drama
1109	Private Benjamin (1980)	comedy
1110	Monty Python and the Holy Grail (1974)	comedy
1111	Wrong Trousers, The (1993)	animation;comedy
1112	Cinema Paradiso (1988)	comedy;drama;romance
1113	Delicatessen (1991)	comedy;sci-fi
1114	Empire Strikes Back, The (1980)	action;adventure;drama;romance;sci-fi;war
1115	Princess Bride, The (1987)	action;adventure;comedy;romance
1116	Raiders of the Lost Ark (1981)	action;adventure
1117	Brazil (1985)	sci-fi
1118	Aliens (1986)	action;sci-fi;thriller;war
1119	Good, The Bad and The Ugly, The (1966)	action;western
1120	12 Angry Men (1957)	drama
1121	Clockwork Orange, A (1971)	sci-fi
1122	Apocalypse Now (1979)	drama;war
1123	Return of the Jedi (1983)	action;adventure;romance;sci-fi;war
1124	GoodFellas (1990)	crime;drama
1125	Alien (1979)	action;horror;sci-fi;thriller
1126	Army of Darkness (1993)	action;adventure;comedy;horror;sci-fi
1127	Psycho (1960)	horror;romance;thriller
1128	Blues Brothers, The (1980)	action;comedy;musical
1129	Godfather: Part II, The (1974)	action;crime;drama
1130	Full Metal Jacket (1987)	action;drama;war
1131	Grand Day Out, A (1992)	animation;comedy
1132	Henry V (1989)	drama;war
1133	Amadeus (1984)	drama;mystery
1134	Raging Bull (1980)	drama
1135	Right Stuff, The (1983)	drama
1136	Sting, The (1973)	comedy;crime
1137	Terminator, The (1984)	action;sci-fi;thriller
1138	Dead Poets Society (1989)	drama
1139	Graduate, The (1967)	drama;romance
1140	Nikita (La Femme Nikita) (1990)	thriller
1141	Bridge on the River Kwai, The (1957)	drama;war
1142	Shining, The (1980)	horror
1143	Evil Dead II (1987)	action;adventure;comedy;horror
1144	Groundhog Day (1993)	comedy;romance
1145	Unforgiven (1992)	western
1146	Back to the Future (1985)	comedy;sci-fi
1147	Patton (1970)	drama;war
1148	Akira (1988)	adventure;animation;sci-fi;thriller
1149	Cyrano de Bergerac (1990)	action;drama;romance
1150	Young Frankenstein (1974)	comedy;horror
1151	This Is Spinal Tap (1984)	comedy;drama;musical
1152	Indiana Jones and the Last Crusade (1989)	action;adventure
1153	M*A*S*H (1970)	comedy;war
1154	Unbearable Lightness of Being, The (1988)	drama
1155	Room with a View, A (1986)	drama;romance
1156	Pink Floyd - The Wall (1982)	drama;musical;war
1157	Field of Dreams (1989)	drama
1158	When Harry Met Sally... (1989)	comedy;romance
1159	Bram Stoker's Dracula (1992)	horror;romance
1160	Cape Fear (1991)	thriller
1161	Nightmare on Elm Street, A (1984)	horror
1162	Mirror Has Two Faces, The (1996)	comedy;romance
1163	Breaking the Waves (1996)	drama
1164	Star Trek: First Contact (1996)	action;adventure;sci-fi
1165	Sling Blade (1996)	drama;thriller
1166	Ridicule (1996)	drama
1167	101 Dalmatians (1996)	children's;comedy
1168	Die Hard 2 (1990)	action;thriller
1169	Star Trek VI: The Undiscovered Country (1991)	action;adventure;sci-fi
1170	Star Trek: The Wrath of Khan (1982)	action;adventure;sci-fi
1171	Star Trek III: The Search for Spock (1984)	action;adventure;sci-fi
1172	Star Trek IV: The Voyage Home (1986)	action;adventure;sci-fi
1173	Batman Returns (1992)	action;adventure;comedy;crime
1174	Young Guns (1988)	action;comedy;western
1175	Under Siege (1992)	action
1176	Jaws (1975)	action;horror
1177	Mars Attacks! (1996)	action;comedy;sci-fi;war
1178	Citizen Ruth (1996)	comedy;drama
1179	Jerry Maguire (1996)	drama;romance
1180	Raising Arizona (1987)	comedy
1181	Sneakers (1992)	crime;drama;sci-fi
1182	Beavis and Butt-head Do America (1996)	animation;comedy
1183	Last of the Mohicans, The (1992)	action;romance;war
1184	Kolya (1996)	comedy
1185	Jungle2Jungle (1997)	children's;comedy
1186	Smilla's Sense of Snow (1997)	action;drama;thriller
1187	Devil's Own, The (1997)	action;drama;thriller;war
1188	Chasing Amy (1997)	drama;romance
1189	Turbo: A Power Rangers Movie (1997)	action;adventure;children's
1190	Grosse Pointe Blank (1997)	comedy;crime
1191	Austin Powers: International Man of Mystery (1997)	comedy
1192	Fifth Element, The (1997)	action;sci-fi
1193	Shall We Dance? (1996)	comedy
1194	Lost World: Jurassic Park, The (1997)	action;adventure;sci-fi;thriller
1195	Pillow Book, The (1995)	drama;romance
1196	Batman & Robin (1997)	action;adventure;crime
1197	My Best Friend's Wedding (1997)	comedy;romance
1198	When the Cats Away (Chacun cherche son chat) (1996)	comedy;romance
1199	Men in Black (1997)	action;adventure;comedy;sci-fi
1200	Contact (1997)	drama;sci-fi
1201	George of the Jungle (1997)	children's;comedy
1202	Event Horizon (1997)	action;mystery;sci-fi;thriller
1203	Air Bud (1997)	children's;comedy
1204	In the Company of Men (1997)	drama
1205	Steel (1997)	action
1206	Mimic (1997)	sci-fi;thriller
1207	Hunt for Red October, The (1990)	action;thriller
1208	Kull the Conqueror (1997)	action;adventure
1209	unknown	unknown
1210	Chasing Amy (1997)	drama;romance
1211	Full Monty, The (1997)	comedy
1212	Gattaca (1997)	drama;sci-fi;thriller
1213	Starship Troopers (1997)	action;adventure;sci-fi;war
1214	Good Will Hunting (1997)	drama
1215	Heat (1995)	action;crime;thriller
1216	Sabrina (1995)	comedy;romance
1217	Sense and Sensibility (1995)	drama;romance
1218	Leaving Las Vegas (1995)	drama;romance
1219	Restoration (1995)	drama
1220	Bed of Roses (1996)	drama;romance
1221	Once Upon a Time... When We Were Colored (1995)	drama
1222	Up Close and Personal (1996)	drama;romance
1223	River Wild, The (1994)	action;thriller
1224	Time to Kill, A (1996)	drama
1225	Emma (1996)	drama;romance
1226	Tin Cup (1996)	comedy;romance
1227	Secrets & Lies (1996)	drama
1228	English Patient, The (1996)	drama;romance;war
1229	Marvin's Room (1996)	drama
1230	Scream (1996)	horror;thriller
1231	Evita (1996)	drama;musical
1232	Fierce Creatures (1997)	comedy
1233	Absolute Power (1997)	mystery;thriller
1234	Rosewood (1997)	drama
1235	Donnie Brasco (1997)	crime;drama
1236	Liar Liar (1997)	comedy
1237	Breakdown (1997)	action;thriller
1238	Promesse, La (1996)	drama
1239	Ulee's Gold (1997)	drama
1240	Face/Off (1997)	action;sci-fi;thriller
1241	Hoodlum (1997)	crime;drama;film-noir
1242	Air Force One (1997)	action;thriller
1243	In & Out (1997)	comedy
1244	L.A. Confidential (1997)	crime;film-noir;mystery;thriller
1245	Ulee's Gold (1997)	drama
1246	Fly Away Home (1996)	adventure;children's
1247	Ice Storm, The (1997)	drama
1248	Mrs. Brown (Her Majesty, Mrs. Brown) (1997)	drama;romance
1249	Devil's Advocate, The (1997)	crime;horror;mystery;thriller
1250	FairyTale: A True Story (1997)	children's;drama;fantasy
1251	Deceiver (1997)	crime
1252	Rainmaker, The (1997)	drama
1253	Wings of the Dove, The (1997)	drama;romance;thriller
1254	Midnight in the Garden of Good and Evil (1997)	comedy;crime;drama;mystery
1255	Titanic (1997)	action;drama;romance
1256	3 Ninjas: High Noon At Mega Mountain (1998)	action;children's
1257	Apt Pupil (1998)	drama;thriller
1258	As Good As It Gets (1997)	comedy;drama
1259	In the Name of the Father (1993)	drama
1260	Schindler's List (1993)	drama;war
1261	Everyone Says I Love You (1996)	comedy;musical;romance
1262	Paradise Lost: The Child Murders at Robin Hood Hills (1996)	documentary
1263	Mother (1996)	comedy
1264	Murder at 1600 (1997)	mystery;thriller
1265	Dante's Peak (1997)	action;thriller
1266	Lost Highway (1997)	mystery
1267	Crash (1996)	drama;thriller
1268	G.I. Jane (1997)	action;drama;war
1269	Cop Land (1997)	crime;drama;mystery
1270	Conspiracy Theory (1997)	action;mystery;romance;thriller
1271	Desperate Measures (1998)	crime;drama;thriller
1272	187 (1997)	drama
1273	Edge, The (1997)	adventure;thriller
1274	Kiss the Girls (1997)	crime;drama;thriller
1275	Game, The (1997)	mystery;thriller
1276	U Turn (1997)	action;crime;mystery
1277	How to Be a Player (1997)	comedy
1278	Playing God (1997)	crime;thriller
1279	House of Yes, The (1997)	comedy;drama;thriller
1280	Bean (1997)	comedy
1281	Mad City (1997)	action;drama
1282	Boogie Nights (1997)	drama
1283	Critical Care (1997)	comedy
1284	Man Who Knew Too Little, The (1997)	comedy;mystery
1285	Alien: Resurrection (1997)	action;horror;sci-fi
1286	Apostle, The (1997)	drama
1287	Deconstructing Harry (1997)	comedy;drama
1288	Jackie Brown (1997)	crime;drama
1289	Wag the Dog (1997)	comedy;drama
1290	Desperate Measures (1998)	crime;drama;thriller
1291	Hard Rain (1998)	action;thriller
1292	Fallen (1998)	action;mystery;thriller
1293	Prophecy II, The (1998)	horror
1294	Spice World (1997)	comedy;musical
1295	Deep Rising (1998)	action;horror;sci-fi
1296	Wedding Singer, The (1998)	comedy;romance
1297	Sphere (1998)	adventure;sci-fi;thriller
1298	Client, The (1994)	drama;mystery;thriller
1299	One Flew Over the Cuckoo's Nest (1975)	drama
1300	Spawn (1997)	action;adventure;sci-fi;thriller
1301	Assignment, The (1997)	thriller
1302	Wonderland (1997)	documentary
1303	Incognito (1997)	crime;thriller
1304	Blues Brothers 2000 (1998)	action;comedy;musical
1305	Sudden Death (1995)	action
1306	Ace Ventura: When Nature Calls (1995)	comedy
1307	Powder (1995)	drama
1308	Dangerous Minds (1995)	drama
1309	Clueless (1995)	comedy
1310	Bio-Dome (1996)	comedy
1311	Black Sheep (1996)	comedy
1312	Mary Reilly (1996)	drama;thriller
1313	Bridges of Madison County, The (1995)	drama;romance
1314	Jeffrey (1995)	comedy
1315	Judge Dredd (1995)	action;adventure;sci-fi
1316	Mighty Morphin Power Rangers: The Movie (1995)	action;children's
1317	Showgirls (1995)	drama
1318	Houseguest (1994)	comedy
1319	Heavyweights (1994)	children's;comedy
1320	Miracle on 34th Street (1994)	drama
1321	Tales From the Crypt Presents: Demon Knight (1995)	horror
1322	Star Trek: Generations (1994)	action;adventure;sci-fi
1323	Muriel's Wedding (1994)	comedy;romance
1324	Adventures of Priscilla, Queen of the Desert, The (1994)	comedy;drama
1325	Flintstones, The (1994)	children's;comedy
1326	Naked Gun 33 1/3: The Final Insult (1994)	comedy
1327	True Lies (1994)	action;adventure;comedy;romance
1328	Addams Family Values (1993)	comedy
1329	Age of Innocence, The (1993)	drama
1330	Beverly Hills Cop III (1994)	action;comedy
1331	Black Beauty (1994)	adventure;children's
1332	Fear of a Black Hat (1993)	comedy
1333	Last Action Hero (1993)	action;comedy
1334	Man Without a Face, The (1993)	drama
1335	Mrs. Doubtfire (1993)	comedy
1336	Radioland Murders (1994)	comedy;mystery;romance
1337	Robin Hood: Men in Tights (1993)	comedy
1338	Serial Mom (1994)	comedy;crime;horror
1339	Striking Distance (1993)	action
1340	Super Mario Bros. (1993)	action;adventure;children's;sci-fi
1341	Three Musketeers, The (1993)	action;adventure;comedy
1342	Little Rascals, The (1994)	children's;comedy
1343	Brady Bunch Movie, The (1995)	comedy
1344	Ghost (1990)	comedy;romance;thriller
1345	Batman (1989)	action;adventure;crime;drama
1346	Pinocchio (1940)	animation;children's
1347	Mission: Impossible (1996)	action;adventure;mystery
1348	Thinner (1996)	horror;thriller
1349	Spy Hard (1996)	comedy
1350	Close Shave, A (1995)	animation;comedy;thriller
1351	Jack (1996)	comedy;drama
1352	Kingpin (1996)	comedy
1353	Nutty Professor, The (1996)	comedy;fantasy;romance;sci-fi
1354	Very Brady Sequel, A (1996)	comedy
1355	Tales from the Crypt Presents: Bordello of Blood (1996)	horror
1356	My Favorite Year (1982)	comedy
1357	Apple Dumpling Gang, The (1975)	children's;comedy;western
1358	Old Yeller (1957)	children's;drama
1359	Parent Trap, The (1961)	children's;drama
1360	Cinderella (1950)	animation;children's;musical
1361	Mary Poppins (1964)	children's;comedy;musical
1362	Alice in Wonderland (1951)	animation;children's;musical
1363	William Shakespeare's Romeo and Juliet (1996)	drama;romance
1364	Aladdin and the King of Thieves (1996)	animation;children's;comedy
1365	E.T. the Extra-Terrestrial (1982)	children's;drama;fantasy;sci-fi
1366	Children of the Corn: The Gathering (1996)	horror
1367	Bob Roberts (1992)	comedy
1368	Transformers: The Movie, The (1986)	action;animation;children's;sci-fi;thriller;war
1369	To Kill a Mockingbird (1962)	drama
1370	Harold and Maude (1971)	comedy
1371	Day the Earth Stood Still, The (1951)	drama;sci-fi
1372	Duck Soup (1933)	comedy;war
1373	Highlander (1986)	action;adventure
1374	Fantasia (1940)	animation;children's;musical
1375	Heathers (1989)	comedy
1376	Forbidden Planet (1956)	sci-fi
1377	Butch Cassidy and the Sundance Kid (1969)	action;comedy;western
1378	American Werewolf in London, An (1981)	horror
1379	Amityville 1992: It's About Time (1992)	horror
1380	Amityville 3-D (1983)	horror
1381	Amityville: A New Generation (1993)	horror
1382	Amityville II: The Possession (1982)	horror
1383	Amityville Horror, The (1979)	horror
1384	Amityville Curse, The (1990)	horror
1385	Birds, The (1963)	horror
1386	Blob, The (1958)	horror;sci-fi
1387	Body Snatcher, The (1945)	horror
1388	Burnt Offerings (1976)	horror
1389	Carrie (1976)	horror
1390	Omen, The (1976)	horror
1391	Star Trek: The Motion Picture (1979)	action;adventure;sci-fi
1392	Star Trek V: The Final Frontier (1989)	action;adventure;sci-fi
1393	Grease (1978)	comedy;musical;romance
1394	Jaws 2 (1978)	action;horror
1395	Jaws 3-D (1983)	action;horror
1396	Bastard Out of Carolina (1996)	drama
1397	Jackie Chan's First Strike (1996)	action
1398	Beverly Hills Ninja (1997)	action;comedy
1399	Free Willy 3: The Rescue (1997)	adventure;children's;drama
1400	Nixon (1995)	drama
1401	Cry, the Beloved Country (1995)	drama
1402	Crossing Guard, The (1995)	drama
1403	Smoke (1995)	drama
1404	Like Water For Chocolate (Como agua para chocolate) (1992)	drama;romance
1405	Secret of Roan Inish, The (1994)	adventure
1406	Vanya on 42nd Street (1994)	drama
1407	Jungle Book, The (1994)	adventure;children's;romance
1408	Red Rock West (1992)	thriller
1409	Bronx Tale, A (1993)	drama
1410	Rudy (1993)	drama
1411	Short Cuts (1993)	drama
1412	Tombstone (1993)	western
1413	Courage Under Fire (1996)	drama;war
1414	Dragonheart (1996)	action;adventure;fantasy
1415	James and the Giant Peach (1996)	animation;children's;musical
1416	Dr. Strangelove or: How I Learned to Stop Worrying and Love the Bomb (1963)	sci-fi;war
1417	Trainspotting (1996)	drama
1418	First Wives Club, The (1996)	comedy
1419	Matilda (1996)	children's;comedy
1420	Philadelphia Story, The (1940)	comedy;romance
1421	Vertigo (1958)	mystery;thriller
1422	North by Northwest (1959)	comedy;thriller
1423	Apartment, The (1960)	comedy;drama
1424	Some Like It Hot (1959)	comedy;crime
1425	Casablanca (1942)	drama;romance;war
1426	Maltese Falcon, The (1941)	film-noir;mystery
1427	My Fair Lady (1964)	musical;romance
1428	Sabrina (1954)	comedy;romance
1429	Roman Holiday (1953)	comedy;romance
1430	Sunset Blvd. (1950)	film-noir
1431	Notorious (1946)	film-noir;romance;thriller
1432	To Catch a Thief (1955)	comedy;romance;thriller
1433	Adventures of Robin Hood, The (1938)	action;adventure
1434	East of Eden (1955)	drama
1435	Thin Man, The (1934)	mystery
1436	His Girl Friday (1940)	comedy
1437	Around the World in 80 Days (1956)	adventure;comedy
1438	It's a Wonderful Life (1946)	drama
1439	Bringing Up Baby (1938)	comedy
1440	African Queen, The (1951)	action;adventure;romance;war
1441	Cat on a Hot Tin Roof (1958)	drama
1442	Fly Away Home (1996)	adventure;children's
1443	Dumbo (1941)	animation;children's;musical
1444	Bananas (1971)	comedy;war
1445	Candidate, The (1972)	drama
1446	Bonnie and Clyde (1967)	crime;drama
1447	Dial M for Murder (1954)	mystery;thriller
1448	Rebel Without a Cause (1955)	drama
1449	Streetcar Named Desire, A (1951)	drama
1450	People vs. Larry Flynt, The (1996)	drama
1451	My Left Foot (1989)	drama
1452	Magnificent Seven, The (1954)	action;drama;western
1453	Lawrence of Arabia (1962)	adventure;war
1454	Wings of Desire (1987)	comedy;drama;romance
1455	Third Man, The (1949)	mystery;thriller
1456	Annie Hall (1977)	comedy;romance
1457	Boot, Das (1981)	action;drama;war
1458	Local Hero (1983)	comedy
1459	Manhattan (1979)	comedy;drama;romance
1460	Miller's Crossing (1990)	drama
1461	Treasure of the Sierra Madre, The (1948)	adventure
1462	Great Escape, The (1963)	adventure;war
1463	Deer Hunter, The (1978)	drama;war
1464	Down by Law (1986)	comedy;drama
1465	Cool Hand Luke (1967)	comedy;drama
1466	Great Dictator, The (1940)	comedy
1467	Big Sleep, The (1946)	film-noir;mystery
1468	Ben-Hur (1959)	action;adventure;drama
1469	Gandhi (1982)	drama
1470	Killing Fields, The (1984)	drama;war
1471	My Life as a Dog (Mitt liv som hund) (1985)	drama
1472	Man Who Would Be King, The (1975)	adventure
1473	Shine (1996)	drama;romance
1474	Kama Sutra: A Tale of Love (1996)	romance
1475	Daytrippers, The (1996)	mystery
1476	Traveller (1997)	drama
1477	Addicted to Love (1997)	comedy;romance
1478	Ponette (1996)	drama
1479	My Own Private Idaho (1991)	drama
1480	Anastasia (1997)	animation;children's;musical
1481	Mouse Hunt (1997)	children's;comedy
1482	Money Train (1995)	action
1483	Mortal Kombat (1995)	action;adventure
1484	Pocahontas (1995)	animation;children's;musical;romance
1485	Misrables, Les (1995)	drama;musical
1486	Things to Do in Denver when You're Dead (1995)	crime;drama;romance
1487	Vampire in Brooklyn (1995)	comedy;romance
1488	Broken Arrow (1996)	action;thriller
1489	Young Poisoner's Handbook, The (1995)	crime
1490	NeverEnding Story III, The (1994)	children's;fantasy
1491	Rob Roy (1995)	drama;romance;war
1492	Die Hard: With a Vengeance (1995)	action;thriller
1493	Lord of Illusions (1995)	horror
1494	Species (1995)	sci-fi
1495	Walk in the Clouds, A (1995)	drama;romance
1496	Waterworld (1995)	action;adventure
1497	White Man's Burden (1995)	drama
1498	Wild Bill (1995)	western
1499	Farinelli: il castrato (1994)	drama;musical
1500	Heavenly Creatures (1994)	drama;fantasy;thriller
1501	Interview with the Vampire (1994)	drama;horror
1502	Kid in King Arthur's Court, A (1995)	adventure;children's;comedy;fantasy;romance;sci-fi
1503	Mary Shelley's Frankenstein (1994)	drama;horror
1504	Quick and the Dead, The (1995)	action;adventure;western
1505	Stephen King's The Langoliers (1995)	horror
1506	Tales from the Hood (1995)	comedy;horror
1507	Village of the Damned (1995)	horror;thriller
1508	Clear and Present Danger (1994)	action;adventure;thriller
1509	Wes Craven's New Nightmare (1994)	horror
1510	Speed (1994)	action;romance;thriller
1511	Wolf (1994)	drama;horror
1512	Wyatt Earp (1994)	western
1513	Another Stakeout (1993)	comedy;thriller
1514	Blown Away (1994)	action;thriller
1515	Body Snatchers (1993)	horror;sci-fi;thriller
1516	Boxing Helena (1993)	mystery;romance;thriller
1517	City Slickers II: The Legend of Curly's Gold (1994)	comedy;western
1518	Cliffhanger (1993)	action;adventure;crime
1519	Coneheads (1993)	comedy;sci-fi
1520	Demolition Man (1993)	action;sci-fi
1521	Fatal Instinct (1993)	comedy
1522	Englishman Who Went Up a Hill, But Came Down a Mountain, The (1995)	comedy;romance
1523	Kalifornia (1993)	drama;thriller
1524	Piano, The (1993)	drama;romance
1525	Romeo Is Bleeding (1993)	crime;thriller
1526	Secret Garden, The (1993)	children's;drama
1527	Son in Law (1993)	comedy
1528	Terminal Velocity (1994)	action
1529	Hour of the Pig, The (1993)	drama;mystery
1530	Beauty and the Beast (1991)	animation;children's;musical
1531	Wild Bunch, The (1969)	western
1532	Hellraiser: Bloodline (1996)	action;horror;sci-fi
1533	Primal Fear (1996)	drama;thriller
1534	True Crime (1995)	mystery;thriller
1535	Stalingrad (1993)	war
1536	Heavy (1995)	drama;romance
1537	Fan, The (1996)	thriller
1538	Hunchback of Notre Dame, The (1996)	animation;children's;musical
1539	Eraser (1996)	action;thriller
1540	Big Squeeze, The (1996)	comedy;drama
1541	Police Story 4: Project S (Chao ji ji hua) (1993)	action
1542	Daniel Defoe's Robinson Crusoe (1996)	children's
1543	For Whom the Bell Tolls (1943)	adventure;war
1544	American in Paris, An (1951)	musical;romance
1545	Rear Window (1954)	mystery;thriller
1546	It Happened One Night (1934)	comedy
1547	Meet Me in St. Louis (1944)	musical
1548	All About Eve (1950)	drama
1549	Rebecca (1940)	romance;thriller
1550	Spellbound (1945)	mystery;romance;thriller
1551	Father of the Bride (1950)	comedy
1552	Gigi (1958)	musical
1553	Laura (1944)	crime;film-noir;mystery
1554	Lost Horizon (1937)	drama
1555	My Man Godfrey (1936)	comedy
1556	Giant (1956)	drama
1557	39 Steps, The (1935)	thriller
1558	Night of the Living Dead (1968)	horror;sci-fi
1559	Blue Angel, The (Blaue Engel, Der) (1930)	drama
1560	Picnic (1955)	drama
1561	Extreme Measures (1996)	drama;thriller
1562	Chamber, The (1996)	drama
1563	Davy Crockett, King of the Wild Frontier (1955)	western
1564	Swiss Family Robinson (1960)	adventure;children's
1565	Angels in the Outfield (1994)	children's;comedy
1566	Three Caballeros, The (1945)	animation;children's;musical
1567	Sword in the Stone, The (1963)	animation;children's
1568	So Dear to My Heart (1949)	children's;drama
1569	Robin Hood: Prince of Thieves (1991)	drama
1570	Sleepers (1996)	crime;drama
1571	Victor/Victoria (1982)	comedy;musical
1572	Great Race, The (1965)	comedy;musical
1573	Crying Game, The (1992)	action;drama;romance;war
1574	Sophie's Choice (1982)	drama
1575	Christmas Carol, A (1938)	drama
1576	Microcosmos: Le peuple de l'herbe (1996)	documentary
1577	Fog, The (1980)	horror
1578	Escape from New York (1981)	action;adventure;sci-fi;thriller
1579	Howling, The (1981)	comedy;horror
1580	Return of Martin Guerre, The (Retour de Martin Guerre, Le) (1982)	drama
1581	Tin Drum, The (Blechtrommel, Die) (1979)	drama
1582	Cook the Thief His Wife & Her Lover, The (1989)	drama
1583	Paths of Glory (1957)	drama;war
1584	Grifters, The (1990)	crime;drama;film-noir
1585	The Innocent (1994)	drama;romance
1586	Thin Blue Line, The (1988)	documentary
1587	Paris Is Burning (1990)	documentary
1588	Once Upon a Time in the West (1969)	western
1589	Ran (1985)	drama;war
1590	Quiet Man, The (1952)	comedy;romance
1591	Once Upon a Time in America (1984)	crime;drama;thriller
1592	Seventh Seal, The (Sjunde inseglet, Det) (1957)	drama
1593	Glory (1989)	action;drama;war
1594	Rosencrantz and Guildenstern Are Dead (1990)	comedy;drama
1595	Touch of Evil (1958)	crime;film-noir;thriller
1596	Chinatown (1974)	film-noir;mystery;thriller
1597	Stand by Me (1986)	adventure;comedy;drama
1598	M (1931)	crime;film-noir;thriller
1599	Manchurian Candidate, The (1962)	film-noir;thriller
1600	Pump Up the Volume (1990)	drama
1601	Arsenic and Old Lace (1944)	comedy;mystery;thriller
1602	Fried Green Tomatoes (1991)	drama
1603	High Noon (1952)	western
1604	Somewhere in Time (1980)	drama;romance
1605	Being There (1979)	comedy
1606	Paris, Texas (1984)	drama
1607	Alien 3 (1992)	action;horror;sci-fi;thriller
1608	Blood For Dracula (Andy Warhol's Dracula) (1974)	horror
1609	Audrey Rose (1977)	horror
1610	Blood Beach (1981)	action;horror
1611	Body Parts (1991)	horror
1612	Body Snatchers (1993)	horror;sci-fi;thriller
1613	Bride of Frankenstein (1935)	horror
1614	Candyman (1992)	horror
1615	Cape Fear (1962)	film-noir;thriller
1616	Cat People (1982)	horror
1617	Nosferatu (Nosferatu, eine Symphonie des Grauens) (1922)	horror
1618	Crucible, The (1996)	drama
1619	Fire on the Mountain (1996)	documentary
1620	Volcano (1997)	drama;thriller
1621	Conan the Barbarian (1981)	action;adventure
1622	Kull the Conqueror (1997)	action;adventure
1623	Wishmaster (1997)	horror
1624	I Know What You Did Last Summer (1997)	horror;mystery;thriller
1625	Rocket Man (1997)	comedy
1626	In the Line of Fire (1993)	action;thriller
1627	Executive Decision (1996)	action;thriller
1628	Perfect World, A (1993)	action;drama
1629	McHale's Navy (1997)	comedy;war
1630	Leave It to Beaver (1997)	comedy
1631	Jackal, The (1997)	action;thriller
1632	Seven Years in Tibet (1997)	drama;war
1633	Dark City (1998)	film-noir;sci-fi;thriller
1634	American President, The (1995)	comedy;drama;romance
1635	Casino (1995)	drama
1636	Persuasion (1995)	romance
1637	Kicking and Screaming (1995)	comedy;drama
1638	City Hall (1996)	drama;thriller
1639	Basketball Diaries, The (1995)	drama
1640	Browning Version, The (1994)	drama
1641	Little Women (1994)	drama
1642	Miami Rhapsody (1995)	comedy
1643	Wonderful, Horrible Life of Leni Riefenstahl, The (1993)	documentary
1644	Barcelona (1994)	comedy;romance
1645	Widows' Peak (1994)	drama
1646	House of the Spirits, The (1993)	drama;romance
1647	Singin' in the Rain (1952)	musical;romance
1648	Bad Moon (1996)	horror
1649	Enchanted April (1991)	drama
1650	Sex, Lies, and Videotape (1989)	drama
1651	Strictly Ballroom (1992)	comedy;romance
1652	Better Off Dead... (1985)	comedy
1653	Substance of Fire, The (1996)	drama
1654	Tin Men (1987)	comedy;drama
1655	Othello (1995)	drama
1656	Carrington (1995)	drama;romance
1657	To Die For (1995)	comedy;drama
1658	Home for the Holidays (1995)	drama;romance
1659	Juror, The (1996)	drama;thriller
1660	In the Bleak Midwinter (1995)	comedy
1661	Canadian Bacon (1994)	comedy;war
1662	First Knight (1995)	action;adventure;drama;romance
1663	Mallrats (1995)	comedy
1664	Nine Months (1995)	comedy
1665	Boys on the Side (1995)	comedy;drama
1666	Circle of Friends (1995)	drama;romance
1667	Exit to Eden (1994)	comedy
1668	Fluke (1995)	children's;drama
1669	Immortal Beloved (1994)	drama;romance
1670	Junior (1994)	comedy;sci-fi
1671	Nell (1994)	drama
1672	Queen Margot (Reine Margot, La) (1994)	drama;romance
1673	Corrina, Corrina (1994)	comedy;drama;romance
1674	Dave (1993)	comedy;romance
1675	Go Fish (1994)	drama;romance
1676	Made in America (1993)	comedy
1677	Philadelphia (1993)	drama
1678	Shadowlands (1993)	drama;romance
1679	Sirens (1994)	comedy;drama
1680	Threesome (1994)	comedy;romance
1681	Pretty Woman (1990)	comedy;romance
1682	Jane Eyre (1996)	drama;romance
1683	Last Supper, The (1995)	drama;thriller
1684	Ransom (1996)	drama;thriller
1685	Crow: City of Angels, The (1996)	action;thriller
1686	Michael Collins (1996)	drama;war
1687	Ruling Class, The (1972)	comedy
1688	Real Genius (1985)	comedy
1689	Benny & Joon (1993)	comedy;romance
1690	Saint, The (1997)	action;romance;thriller
1691	MatchMaker, The (1997)	comedy;romance
1692	Amistad (1997)	drama
1693	Tomorrow Never Dies (1997)	action;romance;thriller
1694	Replacement Killers, The (1998)	action;thriller
1695	Burnt By the Sun (1994)	drama
1696	Red Corner (1997)	crime;thriller
1697	Jumanji (1995)	action;adventure;children's;fantasy;sci-fi
1698	Father of the Bride Part II (1995)	comedy
1699	Across the Sea of Time (1995)	documentary
1700	Lawnmower Man 2: Beyond Cyberspace (1996)	sci-fi;thriller
1701	Fair Game (1995)	action
1702	Screamers (1995)	sci-fi
1703	Nick of Time (1995)	action;thriller
1704	Beautiful Girls (1996)	drama
1705	Happy Gilmore (1996)	comedy
1706	If Lucy Fell (1996)	comedy;romance
1707	Boomerang (1992)	comedy;romance
1708	Man of the Year (1995)	documentary
1709	Addiction, The (1995)	horror
1710	Casper (1995)	adventure;children's
1711	Congo (1995)	action;adventure;mystery;sci-fi
1712	Devil in a Blue Dress (1995)	crime;film-noir;mystery;thriller
1713	Johnny Mnemonic (1995)	action;sci-fi;thriller
1714	Kids (1995)	drama
1715	Mute Witness (1994)	thriller
1716	Prophecy, The (1995)	horror
1717	Something to Talk About (1995)	comedy;drama;romance
1718	Three Wishes (1995)	drama
1719	Castle Freak (1995)	horror
1720	Don Juan DeMarco (1995)	comedy;drama;romance
1721	Drop Zone (1994)	action
1722	Dumb & Dumber (1994)	comedy
1723	French Kiss (1995)	comedy;romance
1724	Little Odessa (1994)	drama
1725	Milk Money (1994)	comedy;romance
1726	Beyond Bedlam (1993)	drama;horror
1727	Only You (1994)	comedy;romance
1728	Perez Family, The (1995)	comedy;romance
1729	Roommates (1995)	comedy;drama
1730	Relative Fear (1994)	horror;thriller
1731	Swimming with Sharks (1995)	comedy;drama
1732	Tommy Boy (1995)	comedy
1733	Baby-Sitters Club, The (1995)	children's
1734	Bullets Over Broadway (1994)	comedy
1735	Crooklyn (1994)	comedy
1736	It Could Happen to You (1994)	drama;romance
1737	Richie Rich (1994)	children's;comedy
1738	Speechless (1994)	comedy;romance
1739	Timecop (1994)	action;sci-fi
1740	Bad Company (1995)	action
1741	Boys Life (1995)	drama
1742	In the Mouth of Madness (1995)	horror;thriller
1743	Air Up There, The (1994)	comedy
1744	Hard Target (1993)	action;adventure;crime;thriller
1745	Heaven & Earth (1993)	action;drama;war
1746	Jimmy Hollywood (1994)	comedy
1747	Manhattan Murder Mystery (1993)	comedy;mystery
1748	Menace II Society (1993)	action;crime;drama
1749	Poetic Justice (1993)	drama
1750	Program, The (1993)	action;drama
1751	Rising Sun (1993)	action;drama;mystery
1752	Shadow, The (1994)	action
1753	Thirty-Two Short Films About Glenn Gould (1993)	documentary
1754	Andre (1994)	adventure;children's
1755	Celluloid Closet, The (1995)	documentary
1756	Great Day in Harlem, A (1994)	documentary
1757	One Fine Day (1996)	drama;romance
1758	Candyman: Farewell to the Flesh (1995)	horror
1759	Frisk (1995)	drama
1760	Girl 6 (1996)	comedy
1761	Eddie (1996)	comedy
1762	Space Jam (1996)	adventure;animation;children's;comedy;fantasy
1763	Mrs. Winterbourne (1996)	comedy;romance
1764	Faces (1968)	drama
1765	Mulholland Falls (1996)	crime;film-noir;thriller
1766	Great White Hype, The (1996)	comedy
1767	Arrival, The (1996)	action;sci-fi;thriller
1768	Phantom, The (1996)	adventure
1769	Daylight (1996)	action;adventure;thriller
1770	Alaska (1996)	adventure;children's
1771	Fled (1996)	action;adventure
1772	Power 98 (1995)	action;mystery;thriller
1773	Escape from L.A. (1996)	action;adventure;sci-fi;thriller
1774	Bogus (1996)	children's;drama;fantasy
1775	Bulletproof (1996)	action
1776	Halloween: The Curse of Michael Myers (1995)	horror;thriller
1777	Gay Divorcee, The (1934)	comedy;musical;romance
1778	Ninotchka (1939)	comedy;romance
1779	Meet John Doe (1941)	drama
1780	In the Line of Duty 2 (1987)	action
1781	Loch Ness (1995)	horror;thriller
1782	Last Man Standing (1996)	action;drama;western
1783	Glimmer Man, The (1996)	action;thriller
1784	Pollyanna (1960)	children's;comedy;drama
1785	Shaggy Dog, The (1959)	children's;comedy
1786	Freeway (1996)	crime
1787	That Thing You Do! (1996)	comedy
1788	To Gillian on Her 37th Birthday (1996)	drama;romance
1789	Looking for Richard (1996)	documentary;drama
1790	Murder, My Sweet (1944)	film-noir;thriller
1791	Days of Thunder (1990)	action;romance
1792	Perfect Candidate, A (1996)	documentary
1793	Two or Three Things I Know About Her (1966)	drama
1794	Bloody Child, The (1996)	drama;thriller
1795	Braindead (1992)	comedy;horror
1796	Bad Taste (1987)	comedy;horror
1797	Diva (1981)	action;drama;mystery;romance;thriller
1798	Night on Earth (1991)	comedy;drama
1799	Paris Was a Woman (1995)	documentary
1800	Amityville: Dollhouse (1996)	horror
1801	April Fool's Day (1986)	comedy;horror
1802	Believers, The (1987)	horror;thriller
1803	Nosferatu a Venezia (1986)	horror
1804	Jingle All the Way (1996)	adventure;children's;comedy
1805	Garden of Finzi-Contini, The (Giardino dei Finzi-Contini, Il) (1970)	drama
1806	My Fellow Americans (1996)	comedy
1807	Ice Storm, The (1997)	drama
1808	Michael (1996)	comedy;romance
1809	Whole Wide World, The (1996)	drama
1810	Hearts and Minds (1996)	drama
1811	Fools Rush In (1997)	comedy;romance
1812	Touch (1997)	romance
1813	Vegas Vacation (1997)	comedy
1814	Love Jones (1997)	romance
1815	Picture Perfect (1997)	comedy;romance
1816	Career Girls (1997)	drama
1817	She's So Lovely (1997)	drama;romance
1818	Money Talks (1997)	action;comedy
1819	Excess Baggage (1997)	adventure;romance
1820	That Darn Cat! (1997)	children's;comedy;mystery
1821	Peacemaker, The (1997)	action;thriller;war
1822	Soul Food (1997)	drama
1823	Money Talks (1997)	action;comedy
1824	Washington Square (1997)	drama
1825	Telling Lies in America (1997)	drama
1826	Year of the Horse (1997)	documentary
1827	Phantoms (1998)	horror
1828	Life Less Ordinary, A (1997)	romance;thriller
1829	Eve's Bayou (1997)	drama
1830	One Night Stand (1997)	drama
1831	Tango Lesson, The (1997)	romance
1832	Mortal Kombat: Annihilation (1997)	action;adventure
1833	Bent (1997)	drama;war
1834	Flubber (1997)	children's;comedy;fantasy
1835	For Richer or Poorer (1997)	comedy
1836	Home Alone 3 (1997)	children's;comedy
1837	Scream 2 (1997)	horror;thriller
1838	Sweet Hereafter, The (1997)	drama
1839	Time Tracers (1995)	action;adventure;sci-fi
1840	Postman, The (1997)	drama
1841	Winter Guest, The (1997)	drama
1842	Kundun (1997)	drama
1843	Mr. Magoo (1997)	comedy
1844	Big Lebowski, The (1998)	comedy;crime;mystery;thriller
1845	Afterglow (1997)	drama;romance
1846	Ma vie en rose (My Life in Pink) (1997)	comedy;drama
1847	Great Expectations (1998)	drama;romance
1848	Oscar & Lucinda (1997)	drama;romance
1849	Vermin (1998)	comedy
1850	Half Baked (1998)	comedy
1851	Dangerous Beauty (1998)	drama
1852	Nil By Mouth (1997)	drama
1853	Twilight (1998)	crime;drama
1854	U.S. Marshalls (1998)	action;thriller
1855	Love and Death on Long Island (1997)	comedy
1856	Wild Things (1998)	crime;drama;mystery;thriller
1857	Primary Colors (1998)	drama
1858	Lost in Space (1998)	action;sci-fi;thriller
1859	Mercury Rising (1998)	action;drama;thriller
1860	City of Angels (1998)	romance
1861	City of Lost Children, The (1995)	adventure;sci-fi
1862	Two Bits (1995)	drama
1863	Farewell My Concubine (1993)	drama;romance
1864	Dead Man (1995)	western
1865	Raise the Red Lantern (1991)	drama
1866	White Squall (1996)	adventure;drama
1867	Unforgettable (1996)	sci-fi;thriller
1868	Down Periscope (1996)	comedy
1869	Flower of My Secret, The (Flor de mi secreto, La) (1995)	drama
1870	Craft, The (1996)	drama;horror
1871	Harriet the Spy (1996)	children's;comedy
1872	Chain Reaction (1996)	action;adventure;thriller
1873	Island of Dr. Moreau, The (1996)	sci-fi;thriller
1874	First Kid (1996)	children's;comedy
1875	Funeral, The (1996)	drama
1876	Preacher's Wife, The (1996)	drama
1877	Paradise Road (1997)	drama;war
1878	Brassed Off (1996)	comedy;drama;romance
1879	Thousand Acres, A (1997)	drama
1880	Smile Like Yours, A (1997)	comedy;romance
1881	Murder in the First (1995)	drama;thriller
1882	Airheads (1994)	comedy
1883	With Honors (1994)	comedy;drama
1884	What's Love Got to Do with It (1993)	drama
1885	Killing Zoe (1994)	thriller
1886	Renaissance Man (1994)	comedy;drama;war
1887	Charade (1963)	comedy;mystery;romance;thriller
1888	Fox and the Hound, The (1981)	animation;children's
1889	Big Blue, The (Grand bleu, Le) (1988)	adventure;romance
1890	Booty Call (1997)	comedy;romance
1891	How to Make an American Quilt (1995)	drama;romance
1892	Georgia (1995)	drama
1893	Indian in the Cupboard, The (1995)	adventure;children's;fantasy
1894	Blue in the Face (1995)	comedy
1895	Unstrung Heroes (1995)	comedy;drama
1896	Unzipped (1995)	documentary
1897	Before Sunrise (1995)	drama;romance
1898	Nobody's Fool (1994)	drama
1899	Pushing Hands (1992)	comedy
1900	To Live (Huozhe) (1994)	drama
1901	Dazed and Confused (1993)	comedy
1902	Naked (1993)	drama
1903	Orlando (1993)	drama
1904	Ruby in Paradise (1993)	drama
1905	Some Folks Call It a Sling Blade (1993)	drama;thriller
1906	Month by the Lake, A (1995)	comedy;drama
1907	Funny Face (1957)	comedy;musical
1908	Affair to Remember, An (1957)	romance
1909	Little Lord Fauntleroy (1936)	drama
1910	Inspector General, The (1949)	musical
1911	Winnie the Pooh and the Blustery Day (1968)	animation;children's
1912	Hear My Song (1991)	comedy
1913	Mediterraneo (1991)	comedy;war
1914	Passion Fish (1992)	drama
1915	Grateful Dead (1995)	documentary
1916	Eye for an Eye (1996)	drama;thriller
1917	Fear (1996)	thriller
1918	Solo (1996)	action;sci-fi;thriller
1919	Substitute, The (1996)	action
1920	Heaven's Prisoners (1996)	mystery;thriller
1921	Trigger Effect, The (1996)	drama;thriller
1922	Mother Night (1996)	drama
1923	Dangerous Ground (1997)	drama
1924	Maximum Risk (1996)	action;adventure;thriller
1925	Rich Man's Wife, The (1996)	thriller
1926	Shadow Conspiracy (1997)	thriller
1927	Blood & Wine (1997)	drama
1928	Turbulence (1997)	thriller
1929	Underworld (1997)	thriller
1930	Beautician and the Beast, The (1997)	comedy;romance
1931	Cats Don't Dance (1997)	animation;children's;musical
1932	Anna Karenina (1997)	drama;romance
1933	Keys to Tulsa (1997)	crime
1934	Head Above Water (1996)	comedy;thriller
1935	Hercules (1997)	adventure;animation;children's;comedy;musical
1936	Last Time I Committed Suicide, The (1997)	drama
1937	Kiss Me, Guido (1997)	comedy
1938	Big Green, The (1995)	children's;comedy
1939	Stuart Saves His Family (1995)	comedy
1940	Cabin Boy (1994)	comedy
1941	Clean Slate (1994)	comedy
1942	Lightning Jack (1994)	comedy;western
1943	Stupids, The (1996)	comedy
1944	Pest, The (1997)	comedy
1945	That Darn Cat! (1997)	children's;comedy;mystery
1946	Geronimo: An American Legend (1993)	drama;western
1947	Double vie de Vronique, La (Double Life of Veronique, The) (1991)	drama
1948	Until the End of the World (Bis ans Ende der Welt) (1991)	drama;sci-fi
1949	Waiting for Guffman (1996)	comedy
1950	I Shot Andy Warhol (1996)	drama
1951	Stealing Beauty (1996)	drama
1952	Basquiat (1996)	drama
1953	2 Days in the Valley (1996)	crime
1954	Private Parts (1997)	comedy;drama
1955	Anaconda (1997)	action;adventure;thriller
1956	Romy and Michele's High School Reunion (1997)	comedy
1957	Shiloh (1997)	children's;drama
1958	Con Air (1997)	action;adventure;thriller
1959	Trees Lounge (1996)	drama
1960	Tie Me Up! Tie Me Down! (1990)	drama
1961	Die xue shuang xiong (Killer, The) (1989)	action;thriller
1962	Gaslight (1944)	mystery;thriller
1963	8 1/2 (1963)	drama
1964	Fast, Cheap & Out of Control (1997)	documentary
1965	Fathers' Day (1997)	comedy
1966	Mrs. Dalloway (1997)	romance
1967	Fire Down Below (1997)	action;drama;thriller
1968	Lay of the Land, The (1997)	comedy;drama
1969	Shooter, The (1995)	action
1970	Grumpier Old Men (1995)	comedy;romance
1971	Jury Duty (1995)	comedy
1972	Beverly Hillbillies, The (1993)	comedy
1973	Lassie (1994)	adventure;children's
1974	Little Big League (1994)	children's;comedy
1975	Homeward Bound II: Lost in San Francisco (1996)	adventure;children's
1976	Quest, The (1996)	action;adventure
1977	Cool Runnings (1993)	comedy
1978	Drop Dead Fred (1991)	comedy;fantasy
1979	Grease 2 (1982)	comedy;musical;romance
1980	Switchback (1997)	thriller
1981	Hamlet (1996)	drama
1982	Two if by Sea (1996)	comedy;romance
1983	Forget Paris (1995)	comedy;romance
1984	Just Cause (1995)	mystery;thriller
1985	Rent-a-Kid (1995)	comedy
1986	Paper, The (1994)	comedy;drama
1987	Fearless (1993)	drama
1988	Malice (1993)	thriller
1989	Multiplicity (1996)	comedy
1990	She's the One (1996)	comedy;romance
1991	House Arrest (1996)	comedy
1992	Ghost and Mrs. Muir, The (1947)	drama;romance
1993	Associate, The (1996)	comedy
1994	Dracula: Dead and Loving It (1995)	comedy;horror
1995	Now and Then (1995)	drama
1996	Mr. Wrong (1996)	comedy
1997	Simple Twist of Fate, A (1994)	drama
1998	Cronos (1992)	horror
1999	Pallbearer, The (1996)	comedy
2000	War, The (1994)	adventure;drama
2001	Don't Be a Menace to South Central While Drinking Your Juice in the Hood (1996)	comedy
2002	Adventures of Pinocchio, The (1996)	adventure;children's
2003	Evening Star, The (1996)	comedy;drama
2004	Four Days in September (1997)	drama
2005	Little Princess, A (1995)	children's;drama
2006	Crossfire (1947)	crime;film-noir
2007	Koyaanisqatsi (1983)	documentary;war
2008	Balto (1995)	animation;children's
2009	Bottle Rocket (1996)	comedy
2010	Star Maker, The (Uomo delle stelle, L') (1995)	drama
2011	Amateur (1994)	crime;drama;thriller
2012	Living in Oblivion (1995)	comedy
2013	Party Girl (1995)	comedy
2014	Pyromaniac's Love Story, A (1995)	comedy;romance
2015	Shallow Grave (1994)	thriller
2016	Reality Bites (1994)	comedy;drama
2017	Man of No Importance, A (1994)	drama
2018	Pagemaster, The (1994)	action;adventure;animation;children's;fantasy
2019	Love and a .45 (1994)	thriller
2020	Oliver & Company (1988)	animation;children's
2021	Joe's Apartment (1996)	comedy;musical
2022	Celestial Clockwork (1994)	comedy
2023	Curdled (1996)	crime
2024	Female Perversions (1996)	drama
2025	Albino Alligator (1996)	crime;thriller
2026	Anne Frank Remembered (1995)	documentary
2027	Carried Away (1996)	drama;romance
2028	It's My Party (1995)	drama
2029	Bloodsport 2 (1995)	action
2030	Double Team (1997)	action
2031	Speed 2: Cruise Control (1997)	action;romance;thriller
2032	Sliver (1993)	thriller
2033	Pete's Dragon (1977)	adventure;animation;children's;musical
2034	Dear God (1996)	comedy
2035	Live Nude Girls (1995)	comedy
2036	Thin Line Between Love and Hate, A (1996)	comedy
2037	High School High (1996)	comedy
2038	Commandments (1997)	romance
2039	Hate (Haine, La) (1995)	drama
2040	Flirting With Disaster (1996)	comedy
2041	Red Firecracker, Green Firecracker (1994)	drama
2042	What Happened Was... (1994)	comedy;drama;romance
2043	Six Degrees of Separation (1993)	drama;mystery
2044	Two Much (1996)	comedy;romance
2045	Trust (1990)	comedy;drama
2046	C'est arriv prs de chez vous (1992)	comedy;crime;drama
2047	Firestorm (1998)	action;adventure;thriller
2048	Newton Boys, The (1998)	crime;drama
2049	Beyond Rangoon (1995)	drama
2050	Feast of July (1995)	drama
2051	Death and the Maiden (1994)	drama;thriller
2052	Tank Girl (1995)	action;comedy;musical;sci-fi
2053	Double Happiness (1994)	drama
2054	Cobb (1994)	drama
2055	Mrs. Parker and the Vicious Circle (1994)	drama
2056	Faithful (1996)	comedy
2057	Twelfth Night (1996)	comedy;drama;romance
2058	Mark of Zorro, The (1940)	adventure
2059	Surviving Picasso (1996)	drama
2060	Up in Smoke (1978)	comedy
2061	Some Kind of Wonderful (1987)	drama;romance
2062	I'm Not Rappaport (1996)	comedy
2063	Umbrellas of Cherbourg, The (Parapluies de Cherbourg, Les) (1964)	drama;musical
2064	They Made Me a Criminal (1939)	crime;drama
2065	Last Time I Saw Paris, The (1954)	drama
2066	Farewell to Arms, A (1932)	romance;war
2067	Innocents, The (1961)	thriller
2068	Old Man and the Sea, The (1958)	adventure;drama
2069	Truman Show, The (1998)	drama
2070	Heidi Fleiss: Hollywood Madam (1995) 	documentary
2071	Chungking Express (1994)	drama;mystery;romance
2072	Jupiter's Wife (1994)	documentary
2073	Safe (1995)	thriller
2074	Feeling Minnesota (1996)	drama;romance
2075	Escape to Witch Mountain (1975)	adventure;children's;fantasy
2076	Get on the Bus (1996)	drama
2077	Doors, The (1991)	drama;musical
2078	Ghosts of Mississippi (1996)	drama
2079	Beautiful Thing (1996)	drama;romance
2080	Best Men (1997)	action;comedy;crime;drama
2081	Hackers (1995)	action;crime;thriller
2082	Road to Wellville, The (1994)	comedy
2083	War Room, The (1993)	documentary
2084	When We Were Kings (1996)	documentary
2085	Hard Eight (1996)	crime;thriller
2086	Quiet Room, The (1996)	drama
2087	Blue Chips (1994)	drama
2088	Calendar Girl (1993)	drama
2089	My Family (1995)	drama
2090	Tom & Viv (1994)	drama
2091	Walkabout (1971)	drama
2092	Last Dance (1996)	drama
2093	Original Gangstas (1996)	crime
2094	In Love and War (1996)	romance;war
2095	Backbeat (1993)	drama;musical
2096	Alphaville (1965)	sci-fi
2097	Rendezvous in Paris (Rendez-vous de Paris, Les) (1995)	comedy;romance
2098	Cyclo (1995)	crime;drama
2099	Relic, The (1997)	horror
2100	Fille seule, La (A Single Girl) (1995)	drama
2101	Stalker (1979)	mystery;sci-fi
2102	Love! Valour! Compassion! (1997)	drama;romance
2103	Palookaville (1996)	action;drama
2104	Phat Beach (1996)	comedy
2105	Portrait of a Lady, The (1996)	drama
2106	Zeus and Roxanne (1997)	children's
2107	Big Bully (1996)	comedy;drama
2108	Love & Human Remains (1993)	comedy
2109	Sum of Us, The (1994)	comedy
2110	Little Buddha (1993)	drama
2111	Fresh (1994)	drama
2112	Spanking the Monkey (1994)	comedy;drama
2113	Wild Reeds (1994)	drama
2114	Women, The (1939)	comedy
2115	Bliss (1997)	drama;romance
2116	Caught (1996)	drama;thriller
2117	Hugo Pool (1997)	romance
2118	Welcome To Sarajevo (1997)	drama;war
2119	Dunston Checks In (1996)	comedy
2120	Major Payne (1994)	comedy
2121	Man of the House (1995)	comedy
2122	I Love Trouble (1994)	action;comedy
2123	Low Down Dirty Shame, A (1994)	action;comedy
2124	Cops and Robbersons (1994)	comedy
2125	Cowboy Way, The (1994)	action;comedy
2126	Endless Summer 2, The (1994)	documentary
2127	In the Army Now (1994)	comedy;war
2128	Inkwell, The (1994)	comedy;drama
2129	Switchblade Sisters (1975)	crime
2130	Young Guns II (1990)	action;comedy;western
2131	Prefontaine (1997)	drama
2132	That Old Feeling (1997)	comedy;romance
2133	Letter From Death Row, A (1998)	crime;drama
2134	Boys of St. Vincent, The (1993)	drama
2135	Before the Rain (Pred dozhdot) (1994)	drama
2136	Once Were Warriors (1994)	crime;drama
2137	Strawberry and Chocolate (Fresa y chocolate) (1993)	drama
2138	Savage Nights (Nuits fauves, Les) (1992)	drama
2139	Family Thing, A (1996)	comedy;drama
2140	Purple Noon (1960)	crime;thriller
2141	Cemetery Man (Dellamorte Dellamore) (1994)	comedy;horror
2142	Kim (1950)	children's;drama
2143	Marlene Dietrich: Shadow and Light (1996) 	documentary
2144	Maybe, Maybe Not (Bewegte Mann, Der) (1994)	comedy
2145	Top Hat (1935)	comedy;musical;romance
2146	To Be or Not to Be (1942)	comedy;drama;war
2147	Secret Agent, The (1996)	drama
2148	Amos & Andrew (1993)	comedy
2149	Jade (1995)	thriller
2150	Kiss of Death (1995)	crime;drama;thriller
2151	Mixed Nuts (1994)	comedy
2152	Virtuosity (1995)	sci-fi;thriller
2153	Blue Sky (1994)	drama;romance
2154	Flesh and Bone (1993)	drama;mystery;romance
2155	Guilty as Sin (1993)	crime;drama;thriller
2156	In the Realm of the Senses (Ai no corrida) (1976)	drama
2157	Barb Wire (1996)	action;sci-fi
2158	Kissed (1996)	romance
2159	Assassins (1995)	thriller
2160	Friday (1995)	comedy
2161	Goofy Movie, A (1995)	animation;children's;comedy;romance
2162	Higher Learning (1995)	drama
2163	When a Man Loves a Woman (1994)	drama
2164	Judgment Night (1993)	action
2165	King of the Hill (1993)	drama
2166	Scout, The (1994)	drama
2167	Angus (1995)	comedy
2168	Night Falls on Manhattan (1997)	crime;drama
2169	Awfully Big Adventure, An (1995)	drama
2170	Under Siege 2: Dark Territory (1995)	action
2171	Poison Ivy II (1995)	drama;thriller
2172	Ready to Wear (Pret-A-Porter) (1994)	comedy
2173	Marked for Death (1990)	action;drama
2174	Madonna: Truth or Dare (1991)	documentary
2175	Nnette et Boni (1996)	drama
2176	Chairman of the Board (1998)	comedy
2177	Big Bang Theory, The (1994)	crime
2178	Other Voices, Other Rooms (1997)	drama
2179	Twisted (1996)	comedy;drama
2180	Full Speed (1996)	drama
2181	Cutthroat Island (1995)	action;adventure;romance
2182	Ghost in the Shell (Kokaku kidotai) (1995)	animation;sci-fi
2183	Van, The (1996)	comedy;drama
2184	Old Lady Who Walked in the Sea, The (Vieille qui marchait dans la mer, La) (1991)	comedy
2185	Night Flier (1997)	horror
2186	Metro (1997)	action
2187	Gridlock'd (1997)	crime
2188	Bushwhacked (1995)	comedy
2189	Bad Girls (1994)	western
2190	Blink (1994)	thriller
2191	For Love or Money (1993)	comedy
2192	Best of the Best 3: No Turning Back (1995)	action
2193	A Chef in Love (1996)	comedy
2194	Contempt (Mpris, Le) (1963)	drama
2195	Tie That Binds, The (1995)	thriller
2196	Gone Fishin' (1997)	comedy
2197	Broken English (1996)	drama
2198	Designated Mourner, The (1997)	drama
2199	Designated Mourner, The (1997)	drama
2200	Trial and Error (1997)	comedy;romance
2201	Pie in the Sky (1995)	comedy;romance
2202	Total Eclipse (1995)	drama
2203	Run of the Country, The (1995)	drama
2204	Walking and Talking (1996)	romance
2205	Foxfire (1996)	drama
2206	Nothing to Lose (1994)	drama
2207	Star Maps (1997)	drama
2208	Bread and Chocolate (Pane e cioccolata) (1973)	drama
2209	Clockers (1995)	drama
2210	Bitter Moon (1992)	drama
2211	Love in the Afternoon (1957)	comedy;romance
2212	Life with Mikey (1993)	comedy
2213	North (1994)	comedy
2214	Talking About Sex (1994)	comedy;drama
2215	Color of Night (1994)	drama;thriller
2216	Robocop 3 (1993)	sci-fi;thriller
2217	Killer (Bulletproof Heart) (1994)	thriller
2218	Sunset Park (1996)	drama
2219	Set It Off (1996)	action;crime
2220	Selena (1997)	drama;musical
2221	Wild America (1997)	adventure;children's
2222	Gang Related (1997)	crime
2223	Manny & Lo (1996)	drama
2224	Grass Harp, The (1995)	drama
2225	Out to Sea (1997)	comedy
2226	Before and After (1996)	drama;mystery
2227	Princess Caraboo (1994)	drama
2228	Shall We Dance? (1937)	comedy;musical;romance
2229	Ed (1996)	comedy
2230	Denise Calls Up (1995)	comedy
2231	Jack and Sarah (1995)	romance
2232	Country Life (1994)	drama;romance
2233	Celtic Pride (1996)	comedy
2234	Simple Wish, A (1997)	children's;fantasy
2235	Star Kid (1997)	adventure;children's;fantasy;sci-fi
2236	Ayn Rand: A Sense of Life (1997)	documentary
2237	Kicked in the Head (1997)	comedy;drama
2238	Indian Summer (1996)	comedy;drama
2239	Love Affair (1994)	drama;romance
2240	Band Wagon, The (1953)	comedy;musical
2241	Penny Serenade (1941)	drama;romance
2242	'Til There Was You (1997)	drama;romance
2243	Stripes (1981)	comedy
2244	Late Bloomers (1996)	comedy
2245	Getaway, The (1994)	action
2246	New York Cop (1996)	action;crime
2247	National Lampoon's Senior Trip (1995)	comedy
2248	Delta of Venus (1994)	drama
2249	Carmen Miranda: Bananas Is My Business (1994)	documentary
2250	Babyfever (1994)	comedy;drama
2251	Very Natural Thing, A (1974)	drama
2252	Walk in the Sun, A (1945)	drama
2253	Waiting to Exhale (1995)	comedy;drama
2254	Pompatus of Love, The (1996)	comedy;drama
2255	Palmetto (1998)	film-noir;mystery;thriller
2256	Surviving the Game (1994)	action;adventure;thriller
2257	Inventing the Abbotts (1997)	drama;romance
2258	Horse Whisperer, The (1998)	drama
2259	Journey of August King, The (1995)	drama
2260	Catwalk (1995)	documentary
2261	Neon Bible, The (1995)	drama
2262	Homage (1995)	drama
2263	Open Season (1996)	comedy
2264	Metisse (Caf au Lait) (1993)	comedy
2265	Wooden Man's Bride, The (Wu Kui) (1994)	drama
2266	Loaded (1994)	drama;thriller
2267	August (1996)	drama
2268	Boys (1996)	drama
2269	Captives (1994)	drama
2270	Of Love and Shadows (1994)	drama
2271	Low Life, The (1994)	drama
2272	An Unforgettable Summer (1994)	drama
2273	Last Klezmer: Leopold Kozlowski, His Life and Music, The (1995)	documentary
2274	My Life and Times With Antonin Artaud (En compagnie d'Antonin Artaud) (1993)	drama
2275	Midnight Dancers (Sibak) (1994)	comedy;drama
2276	Somebody to Love (1994)	drama
2277	American Buffalo (1996)	drama
2278	Kazaam (1996)	children's;comedy;fantasy
2279	Larger Than Life (1996)	comedy
2280	Two Deaths (1995)	drama
2281	Stefano Quantestorie (1993)	comedy;drama
2282	Crude Oasis, The (1995)	romance
2283	Hedd Wyn (1992)	drama
2284	Convent, The (Convento, O) (1995)	drama
2285	Lotto Land (1995)	drama
2286	Story of Xinghua, The (1993)	drama
2287	Day the Sun Turned Cold, The (Tianguo niezi) (1994)	drama
2288	Dingo (1992)	drama
2289	Ballad of Narayama, The (Narayama Bushiko) (1958)	drama
2290	Every Other Weekend (1990)	drama
2291	Mille bolle blu (1993)	comedy
2292	Crows and Sparrows (1949)	drama
2293	Lover's Knot (1996)	comedy
2294	Shadow of Angels (Schatten der Engel) (1976)	drama
2295	1-900 (1994)	romance
2296	Venice/Venice (1992)	drama
2297	Infinity (1996)	drama
2298	Ed's Next Move (1996)	comedy
2299	For the Moment (1994)	romance;war
2300	The Deadly Cure (1996)	action
2301	Boys in Venice (1996)	drama
2302	Sexual Life of the Belgians, The (1994)	comedy
2303	Search for One-eye Jimmy, The (1996)	comedy
2304	American Strays (1996)	action
2305	Leopard Son, The (1996)	documentary
2306	Bird of Prey (1996)	action
2307	Johnny 100 Pesos (1993)	action;drama
2308	JLG/JLG - autoportrait de dcembre (1994)	documentary;drama
2309	Faust (1994)	animation
2310	Mina Tannenbaum (1994)	drama
2311	Forbidden Christ, The (Cristo proibito, Il) (1950)	drama
2312	I Can't Sleep (J'ai pas sommeil) (1994)	drama;thriller
2313	Machine, The (1994)	comedy;horror
2314	Stranger, The (1994)	action
2315	Good Morning (1971)	unknown
2316	Falling in Love Again (1980)	comedy
2317	Cement Garden, The (1993)	drama
2318	Meet Wally Sparks (1997)	comedy
2319	Hotel de Love (1996)	comedy;romance
2320	Rhyme & Reason (1997)	documentary
2321	Love and Other Catastrophes (1996)	romance
2322	Hollow Reed (1996)	drama
2323	Losing Chase (1996)	drama
2324	Bonheur, Le (1965)	drama
2325	Second Jungle Book: Mowgli & Baloo, The (1997)	adventure;children's
2326	Squeeze (1996)	drama
2327	Roseanna's Grave (For Roseanna) (1997)	comedy;romance
2328	Tetsuo II: Body Hammer (1992)	sci-fi
2329	Fall (1997)	romance
2330	Gabbeh (1996)	drama
2331	Mondo (1996)	drama
2332	Innocent Sleep, The (1995)	crime
2333	For Ever Mozart (1996)	drama
2334	Locusts, The (1997)	drama
2335	Stag (1997)	action;thriller
2336	Swept from the Sea (1997)	romance
2337	Hurricane Streets (1998)	drama
2338	Stonewall (1995)	drama
2339	Of Human Bondage (1934)	drama
2340	Anna (1996)	drama
2341	Stranger in the House (1997)	thriller
2342	Picture Bride (1995)	drama;romance
2343	M. Butterfly (1993)	drama
2344	Ciao, Professore! (1993)	drama
2345	Caro Diario (Dear Diary) (1994)	comedy;drama
2346	Withnail and I (1987)	comedy
2347	Boy's Life 2 (1997)	drama
2348	When Night Is Falling (1995)	drama;romance
2349	Specialist, The (1994)	action
2350	Gordy (1995)	comedy
2351	Swan Princess, The (1994)	animation;children's
2352	Harlem (1993)	drama
2353	Barbarella (1968)	adventure;sci-fi
2354	Land Before Time III: The Time of the Great Giving (1995) (V)	animation;children's
2355	Street Fighter (1994)	action
2356	Coldblooded (1995)	action
2357	Next Karate Kid, The (1994)	action;children's
2358	No Escape (1994)	action;sci-fi
2359	Turning, The (1992)	drama
2360	Joy Luck Club, The (1993)	drama
2361	Highlander III: The Sorcerer (1994)	action;sci-fi
2362	Gilligan's Island: The Movie (1998)	comedy
2363	My Crazy Life (Mi vida loca) (1993)	drama
2364	Suture (1993)	film-noir;thriller
2365	Walking Dead, The (1995)	drama;war
2366	I Like It Like That (1994)	comedy;drama;romance
2367	I'll Do Anything (1994)	comedy;drama
2368	Grace of My Heart (1996)	comedy;drama
2369	Drunks (1995)	drama
2370	SubUrbia (1997)	comedy
2371	Sliding Doors (1998)	drama;romance
2372	Ill Gotten Gains (1997)	drama
2373	Legal Deceit (1997)	thriller
2374	Mighty, The (1998)	drama
2375	Men of Means (1998)	action;drama
2376	Shooting Fish (1997)	romance
2377	Steal Big, Steal Little (1995)	comedy
2378	Mr. Jones (1993)	drama;romance
2379	House Party 3 (1994)	comedy
2380	Panther (1995)	drama
2381	Jason's Lyric (1994)	crime;drama
2382	Above the Rim (1994)	drama
2383	Moonlight and Valentino (1995)	drama;romance
2384	Scarlet Letter, The (1995)	drama
2385	8 Seconds (1994)	drama
2386	That Darn Cat! (1965)	children's;comedy;mystery
2387	Ladybird Ladybird (1994)	drama
2388	Bye Bye, Love (1995)	comedy
2389	Century (1993)	drama
2390	My Favorite Season (1993)	drama
2391	Pather Panchali (1955)	drama
2392	Golden Earrings (1947)	adventure;romance
2393	Foreign Correspondent (1940)	thriller
2394	Lady of Burlesque (1943)	comedy;mystery
2395	Angel on My Shoulder (1946)	crime;drama
2396	Angel and the Badman (1947)	western
2397	Outlaw, The (1943)	western
2398	Beat the Devil (1954)	comedy;drama
2399	Love Is All There Is (1996)	comedy;drama
2400	Damsel in Distress, A (1937)	comedy;musical;romance
2401	Madame Butterfly (1995)	musical
2402	Sleepover (1995)	comedy;drama
2403	Here Comes Cookie (1935)	comedy
2404	Thieves (Voleurs, Les) (1996)	crime;drama;romance
2405	Boys, Les (1997)	comedy
2406	Stars Fell on Henrietta, The (1995)	drama
2407	Last Summer in the Hamptons (1995)	comedy;drama
2408	Margaret's Museum (1995)	drama
2409	Saint of Fort Washington, The (1993)	drama
2410	Cure, The (1995)	drama
2411	Tom and Huck (1995)	adventure;children's
2412	Gumby: The Movie (1995)	animation;children's
2413	Hideaway (1995)	thriller
2414	Visitors, The (Visiteurs, Les) (1993)	comedy;sci-fi
2415	Little Princess, The (1939)	children's;drama
2416	Nina Takes a Lover (1994)	comedy;romance
2417	Bhaji on the Beach (1993)	comedy;drama
2418	Raw Deal (1948)	film-noir
2419	Nightwatch (1997)	horror;thriller
2420	Dead Presidents (1995)	action;crime;drama
2421	Reckless (1995)	comedy
2422	Herbie Rides Again (1974)	adventure;children's;comedy
2423	S.F.W. (1994)	drama
2424	Gate of Heavenly Peace, The (1995)	documentary
2425	Man in the Iron Mask, The (1998)	action;drama;romance
2426	Jerky Boys, The (1994)	action;comedy
2427	Colonel Chabert, Le (1994)	drama;romance;war
2428	Girl in the Cadillac (1995)	drama
2429	Even Cowgirls Get the Blues (1993)	comedy;romance
2430	Germinal (1993)	drama
2431	Chasers (1994)	comedy
2432	Fausto (1993)	comedy
2433	Tough and Deadly (1995)	action;drama;thriller
2434	Window to Paris (1994)	comedy
2435	Modern Affair, A (1995)	romance
2436	Mostro, Il (1994)	comedy
2437	Flirt (1995)	drama
2438	Carpool (1996)	comedy;crime
2439	Line King: Al Hirschfeld, The (1996)	documentary
2440	Farmer & Chase (1995)	comedy
2441	Grosse Fatigue (1994)	comedy
2442	Santa with Muscles (1996)	comedy
2443	Prisoner of the Mountains (Kavkazsky Plennik) (1996)	war
2444	Naked in New York (1994)	comedy;romance
2445	Gold Diggers: The Secret of Bear Mountain (1995)	adventure;children's
2446	Bewegte Mann, Der (1994)	comedy
2447	Killer: A Journal of Murder (1995)	crime;drama
2448	Nelly & Monsieur Arnaud (1995)	drama
2449	Three Lives and Only One Death (1996)	comedy
2450	Babysitter, The (1995)	drama;thriller
2451	Getting Even with Dad (1994)	comedy
2452	Mad Dog Time (1996)	crime
2453	Children of the Revolution (1996)	comedy
2454	World of Apu, The (Apur Sansar) (1959)	drama
2455	Sprung (1997)	comedy
2456	Dream With the Fishes (1997)	drama
2457	Wings of Courage (1995)	adventure;romance
2458	Wedding Gift, The (1994)	drama
2459	Race the Sun (1996)	drama
2460	Losing Isaiah (1995)	drama
2461	New Jersey Drive (1995)	crime;drama
2462	Fear, The (1995)	horror
2463	Mr. Wonderful (1993)	comedy;romance
2464	Trial by Jury (1994)	thriller
2465	Good Man in Africa, A (1994)	action;adventure
2466	Kaspar Hauser (1993)	drama
2467	Object of My Affection, The (1998)	comedy;romance
2468	Witness (1985)	drama;romance;thriller
2469	Senseless (1998)	comedy
2470	Nowhere (1997)	drama
2471	Underground (1995)	war
2472	Jefferson in Paris (1995)	drama
2473	Far From Home: The Adventures of Yellow Dog (1995)	adventure;children's
2474	Foreign Student (1994)	drama
2475	I Don't Want to Talk About It (De eso no se habla) (1993)	drama
2476	Twin Town (1997)	comedy;crime
2477	Enfer, L' (1994)	drama
2478	Aiqing wansui (1994)	drama
2479	Cosi (1996)	comedy
2480	All Over Me (1997)	drama
2481	Being Human (1993)	drama
2482	Amazing Panda Adventure, The (1995)	adventure;children's
2483	Beans of Egypt, Maine, The (1994)	drama
2484	Scarlet Letter, The (1926)	drama
2485	Johns (1996)	drama
2486	It Takes Two (1995)	comedy
2487	Frankie Starlight (1995)	drama;romance
2488	Shadows (Cienie) (1988)	drama
2489	Show, The (1995)	documentary
2490	The Courtyard (1995)	action;thriller
2491	Dream Man (1995)	thriller
2492	Destiny Turns on the Radio (1995)	comedy
2493	Glass Shield, The (1994)	drama
2494	Hunted, The (1995)	action
2495	Underneath, The (1995)	mystery;thriller
2496	Safe Passage (1994)	drama
2497	Secret Adventures of Tom Thumb, The (1993)	adventure;children's
2498	Condition Red (1995)	action;drama;thriller
2499	Yankee Zulu (1994)	comedy;drama
2500	Aparajito (1956)	drama
2501	Hostile Intentions (1994)	action;drama;thriller
2502	Clean Slate (Coup de Torchon) (1981)	crime
2503	Tigrero: A Film That Was Never Made (1994)	documentary;drama
2504	Eye of Vichy, The (Oeil de Vichy, L') (1993)	documentary
2505	Promise, The (Versprechen, Das) (1994)	romance
2506	To Cross the Rubicon (1991)	drama
2507	Daens (1992)	drama
2508	Man from Down Under, The (1943)	drama
2509	Careful (1992)	comedy
2510	Vermont Is For Lovers (1992)	comedy;romance
2511	Vie est belle, La (Life is Rosey) (1987)	comedy;drama
2512	Quartier Mozart (1992)	comedy
2513	Touki Bouki (Journey of the Hyena) (1973)	drama
2514	Wend Kuuni (God's Gift) (1982)	drama
2515	Spirits of the Dead (Tre passi nel delirio) (1968)	horror
2516	Pharaoh's Army (1995)	war
2517	I, Worst of All (Yo, la peor de todas) (1990)	drama
2518	Hungarian Fairy Tale, A (1987)	fantasy
2519	Death in the Garden (Mort en ce jardin, La) (1956)	drama
2520	Collectionneuse, La (1967)	drama
2521	Baton Rouge (1988)	thriller
2522	Liebelei (1933)	romance
2523	Woman in Question, The (1950)	mystery
2524	T-Men (1947)	film-noir
2525	Invitation, The (Zaproszenie) (1986)	drama
2526	Symphonie pastorale, La (1946)	drama
2527	American Dream (1990)	documentary
2528	Lashou shentan (1992)	action;crime;drama
2529	Terror in a Texas Town (1958)	western
2530	Salut cousin! (1996)	comedy;drama
2531	Schizopolis (1996)	comedy
2532	To Have, or Not (1995)	drama
2533	Duoluo tianshi (1995)	drama
2534	Magic Hour, The (1998)	drama
2535	Death in Brunswick (1991)	comedy
2536	Everest (1998)	documentary
2537	Shopping (1994)	action;thriller
2538	Nemesis 2: Nebula (1995)	action;sci-fi;thriller
2539	Romper Stomper (1992)	action;drama
2540	City of Industry (1997)	crime;thriller
2541	Someone Else's America (1995)	drama
2542	Guantanamera (1994)	comedy
2543	Office Killer (1997)	thriller
2544	Price Above Rubies, A (1998)	drama
2545	Angela (1995)	drama
2546	He Walked by Night (1948)	crime;film-noir;thriller
2547	Love Serenade (1996)	comedy
2548	Deceiver (1997)	crime
2549	Hurricane Streets (1998)	drama
2550	Buddy (1997)	adventure;children's;drama
2551	B*A*P*S (1997)	comedy
2552	Truth or Consequences, N.M. (1997)	action;crime;romance
2553	Intimate Relations (1996)	comedy
2554	Leading Man, The (1996)	romance
2555	Tokyo Fist (1995)	action;drama
2556	Reluctant Debutante, The (1958)	comedy;drama
2557	Warriors of Virtue (1997)	action;adventure;children's;fantasy
2558	Desert Winds (1995)	drama
2559	Hugo Pool (1997)	romance
2560	King of New York (1990)	action;crime
2561	All Things Fair (1996)	drama
2562	Sixth Man, The (1997)	comedy
2563	Butterfly Kiss (1995)	thriller
2564	Paris, France (1993)	comedy
2565	Crmonie, La (1995)	drama
2566	Hush (1998)	thriller
2567	Nightwatch (1997)	horror;thriller
2568	Nobody Loves Me (Keiner liebt mich) (1994)	comedy;drama
2569	Wife, The (1995)	comedy;drama
2570	Lamerica (1994)	drama
2571	Nico Icon (1995)	documentary
2572	Silence of the Palace, The (Saimt el Qusur) (1994)	drama
2573	Slingshot, The (1993)	comedy;drama
2574	Land and Freedom (Tierra y libertad) (1995)	war
2575	 kldum klaka (Cold Fever) (1994)	comedy;drama
2576	Etz Hadomim Tafus (Under the Domin Tree) (1994)	drama
2577	Two Friends (1986) 	drama
2578	Brothers in Trouble (1995)	drama
2579	Girls Town (1996)	drama
2580	Normal Life (1996)	crime;drama
2581	Bitter Sugar (Azucar Amargo) (1996)	drama
2582	Eighth Day, The (1996)	drama
2583	Dadetown (1995)	documentary
2584	Some Mother's Son (1996)	drama
2585	Angel Baby (1995)	drama
2586	Sudden Manhattan (1996)	comedy
2587	Butcher Boy, The (1998)	drama
2588	Men With Guns (1997)	action;drama
2589	Hana-bi (1997)	comedy;crime;drama
2590	Niagara, Niagara (1997)	drama
2591	Big One, The (1997)	comedy;documentary
2592	Butcher Boy, The (1998)	drama
2593	Spanish Prisoner, The (1997)	drama;thriller
2594	Temptress Moon (Feng Yue) (1996)	romance
2595	Entertaining Angels: The Dorothy Day Story (1996)	drama
2596	Chairman of the Board (1998)	comedy
2597	Favor, The (1994)	comedy;romance
2598	Little City (1998)	comedy;romance
2599	Target (1995)	action;drama
2600	Substance of Fire, The (1996)	drama
2601	Getting Away With Murder (1996)	comedy
2602	Small Faces (1995)	drama
2603	New Age, The (1994)	drama
2604	Rough Magic (1995)	drama;romance
2605	Nothing Personal (1995)	drama;war
2606	8 Heads in a Duffel Bag (1997)	comedy
2607	Brother's Kiss, A (1997)	drama
2608	Ripe (1996)	drama
2609	Next Step, The (1995)	drama
2610	Wedding Bell Blues (1996)	comedy
2611	MURDER and murder (1996)	crime;drama;mystery
2612	Tainted (1998)	comedy;thriller
2613	Further Gesture, A (1996)	drama
2614	Kika (1993)	drama
2615	Mirage (1995)	action;thriller
2616	Mamma Roma (1962)	drama
2617	Sunchaser, The (1996)	drama
2618	War at Home, The (1996)	drama
2619	Sweet Nothing (1995)	drama
2620	Mat' i syn (1997)	drama
2621	B. Monkey (1998)	romance;thriller
2622	Sliding Doors (1998)	drama;romance
2623	You So Crazy (1994)	comedy
2624	Scream of Stone (Schrei aus Stein) (1991)	drama
